{"17-1705": {"IBM": 0.19497915373015168, "GOOG": 0.11647298855672847}, "17-530": {"IBM": 0.17274774774774776, "GOOG": 0.08963963963963964}, "17-459": {"IBM": 0.16965055050263284, "GOOG": 0.09832455720440401}, "17-1174": {"IBM": 0.1767257638626933, "GOOG": 0.0950584685024519}, "17-1272": {"IBM": 0.16077755434262186, "GOOG": 0.09451307095662166}, "17-130": {"IBM": 0.17370846936815826, "GOOG": 0.0893988861148454}, "17-269": {"IBM": 0.1845917845576956, "GOOG": 0.10533492415203681}, "17-1104": {"IBM": 0.16443236148870347, "GOOG": 0.09093465829192837}, "17-571": {"IBM": 0.16096385542168676, "GOOG": 0.08481927710843373}, "17-1606": {"IBM": 0.15605639820551165, "GOOG": 0.08417004913480025}, "17-1042": {"IBM": 0.18780061215566243, "GOOG": 0.0914954088325317}, "17-43": {"IBM": 0.1692035745850928, "GOOG": 0.10988903073750368}, "17-1107": {"IBM": 0.18806104129263915, "GOOG": 0.10341113105924596}, "17-1307": {"IBM": 0.1570596145226356, "GOOG": 0.08354997758852532}, "17-1594": {"IBM": 0.15090464547677263, "GOOG": 0.080880195599022}, "17-1091": {"IBM": 0.16890300112670287, "GOOG": 0.08491242445969477}, "17-6086": {"IBM": 0.15187841164508187, "GOOG": 0.08690998608583966}, "17-1702": {"IBM": 0.18104860731840525, "GOOG": 0.11369015110140178}, "17-290": {"IBM": 0.15122334676230717, "GOOG": 0.08912253119779896}, "17-5554": {"IBM": 0.16129685916919959, "GOOG": 0.10192502532928065}, "17-5716": {"IBM": 0.18424004486819967, "GOOG": 0.08833426808749299}, "17-1229": {"IBM": 0.17078126587422535, "GOOG": 0.09712486030681702}, "17-71": {"IBM": 0.17888563049853373, "GOOG": 0.10769541915259379}, "17-765": {"IBM": 0.17568867512024486, "GOOG": 0.07966768692610407}, "17-773": {"IBM": 0.2337782340862423, "GOOG": 0.13367556468172484}}